{"columns":[{"kind":"Default","name":"Close","num_defaults":0,"num_rows":744},{"kind":"Default","name":"Close_time","num_defaults":0,"num_rows":744},{"kind":"Default","name":"High","num_defaults":0,"num_rows":744},{"kind":"Default","name":"Low","num_defaults":0,"num_rows":744},{"kind":"Default","name":"Number_of_trades","num_defaults":0,"num_rows":744},{"kind":"Default","name":"Open","num_defaults":0,"num_rows":744},{"kind":"Default","name":"Open_time","num_defaults":0,"num_rows":744},{"kind":"Default","name":"Quote_asset_volume","num_defaults":0,"num_rows":744},{"kind":"Default","name":"Source","num_defaults":0,"num_rows":744},{"kind":"Default","name":"Taker_buy_base_asset_volume","num_defaults":0,"num_rows":744},{"kind":"Default","name":"Taker_buy_quote_asset_volume","num_defaults":0,"num_rows":744},{"kind":"Default","name":"Volume","num_defaults":0,"num_rows":744},{"kind":"Default","name":"ts_id","num_defaults":0,"num_rows":744}],"version":0}